Timestamp,Respondent_ID,Age of the family head(year),Occupation of the family head,Duration of residency ,Duration of residency ,"Monthly_Household_Income_BDT
",Monthly_Household_Income_BDT of the family head (before university) ,Impression on university,Column 9,"University_ID
"
11/20/2025 15:53:52,R001,60.00,Grocery ,25,Local,120000,0,4,,UFTB
11/20/2025 15:53:54,R002,40.00,Grocer,8,8,30k,00,5,,UFTB
11/20/2025 15:54:03,R003,38.00,Grocery Shop,5,5,10000,,4,,UFTB
11/20/2025 15:55:25,R004,44.00,Grocery ,33,33,34000,0,4,,UFTB
11/20/2025 15:55:54,R005,35.00,Vegetable shop,10,10,,,5,,UFTB
11/20/2025 15:56:19,R006,50.00,Grocer,20,20,30,00,5,,UFTB
11/20/2025 15:56:26,R007,41.00,Business ,32,32,23000,0,4,,UFTB
11/20/2025 15:57:30,R008,50.00,Grocer,10,10,,00,2,,UFTB
11/20/2025 15:59:58,R009,34.00,Job,40,40,23000,0,3,,UFTB
11/20/2025 16:00:20,R010,36.00,Grocer,10,10,15000,00,3,,UFTB
11/20/2025 16:01:41,R011,42.00,Tea stall,8,8,5000,,1,,UFTB
11/20/2025 16:01:57,R012,36.00,Business ,18,18,50000,0,5,,UFTB
11/20/2025 16:02:06,R013,40.00,Barber,11,11,60k,,3,,UFTB
11/20/2025 16:02:42,R014,50.00,Grocer,1 month,1 month,0,00,1,,UFTB
11/20/2025 16:03:16,R015,54.00,Shop,16,16,18000,,4,,UFTB
11/20/2025 16:04:48,R016,50.00,Grocery Shop ,10,10,15000,,5,,UFTB
11/20/2025 16:05:34,R017,25.00,Saloon,15,15,40000,00,5,,UFTB
11/20/2025 16:06:41,R018,33.00,Computer shop,5,5,24000,0,4,,UFTB
11/20/2025 16:07:27,R019,52.00,Grocer,6,6,10000,00,3,,UFTB
11/20/2025 16:07:59,R020,30.00,Grocer ,2month,2month,40k,00,5,,UFTB
11/20/2025 16:08:02,R021,14.00,Shop,14,14,22000,0,4,,UFTB
11/20/2025 16:08:56,R022,34.00,Barber,13,13,28000,0,3,,UFTB
11/20/2025 16:09:35,R023,23.00,Barber shop,3,3,20k,,5,,UFTB
11/20/2025 16:09:57,R024,38.00,Computer operator ,14,14,23000,0,4,,UFTB
11/20/2025 16:10:27,R025,40.00,Shop keeper,40,40,30000,00,4,,UFTB
11/20/2025 16:10:49,R026,37.00,Computer operator ,12,12,31000,0,3,,UFTB
11/20/2025 16:10:59,R027,11.00,Farmecy,30,30,20000,,4,,UFTB
11/20/2025 16:12:48,R028,26.00,Barber,12,12,30k,00,2,,UFTB
11/20/2025 16:12:53,R029,55.00,Hotel,35,35,25000,,5,,UFTB
11/20/2025 16:13:07,R030,38.00,Shop,20,20,20000,0,4,,UFTB
11/20/2025 16:13:15,R031,52.00,Shop keeper,52,52,0,00,3,,UFTB
11/20/2025 16:14:19,R032,25.00,Shop,10,10,21000,0,4,,UFTB
11/20/2025 16:15:21,R033,50.00,Grocer,35,35,20000,00,3,,UFTB
11/20/2025 16:17:50,R034,52.00,Grocer,36,36,20000,,3,,UFTB
11/20/2025 16:19:15,R035,40.00,Grocer,18,18,25000,00,3,,UFTB
11/20/2025 16:27:44,R036,30.00,Grocer,1,1,50000,00,2,,UFTB
11/20/2025 16:28:32,R037,28.00,Computer ,8month,8month,15000,,5,,UFTB
11/20/2025 16:28:47,R038,50.00,Grocer,20,20,15000,00,5,,UFTB
11/21/2025 16:38:43,R039,42.00,Business,1 year,1 year,10000,0,2,,UFTB
11/22/2025 16:38:43,R040,34.00,Business,8 months ,8 months ,20000,0,4,,UFTB
11/23/2025 16:38:43,R041,28.00,Business,5-7,5-7,30k,0,3,,UFTB
11/24/2025 16:38:43,R042,33.00,Business,10 years,10 years,15500,0,4,,UFTB
11/25/2025 16:38:43,R043,33.00,Business,18,18,55000,0,4,,UFTB
11/26/2025 16:38:43,R044,22.00,Business,25,Local,25000,0,4,,UFTB
11/27/2025 16:38:43,R045,32.00,Business,10,10,25k,0,3,,UFTB
11/28/2025 16:38:43,R046,29.00,Business,11 years ,11 years ,30000,0,5,,UFTB
11/29/2025 16:38:43,R047,43.00,Business,25,25,12k,0,3,,UFTB
11/30/2025 16:38:43,R048,26.00,Business,25,Local,20000,0,4,,UFTB
12/1/2025 16:38:43,R049,28.00,Business,20,20,25,0,3,,UFTB
12/2/2025 16:38:43,R050,50.00,Business,25,25,20000,0,5,,UFTB
12/3/2025 16:38:43,R051,37.00,Business,2,2,20000,0,3,,UFTB
12/4/2025 16:38:43,R052,27.00,Business,27 years,27 years,30000,150,2,,UFTB
12/5/2025 16:38:43,R053,60.00,Foreign ,25,Local,30000,0,5,,UFTB
12/6/2025 16:38:43,R054,60.00,Business,10,10,20000,0,4,,UFTB
12/7/2025 16:38:43,R055,50.00,Business,5,5,28000,0,5,,UFTB
12/8/2025 16:38:43,R056,43.00,Business,25,Local,27000,0,5,,UFTB
12/9/2025 16:38:43,R057,38.00,Business,10,10,30k,0,4,,UFTB
12/10/2025 16:38:43,R058,32.00,Business,3 month,3 month,20000,0,4,,UFTB
12/11/2025 16:38:43,R059,45.00,Private job,17,17,1000000,0,5,,UFTB
12/12/2025 16:38:43,R060,67.00,Business,67,67,30000,0,5,,UFTB
12/13/2025 16:38:43,R061,46.00,Business,20,20,52,0,4,,UFTB
12/14/2025 16:38:43,R062,66.00,Business,25,Local,60000,0,5,,UFTB
12/15/2025 16:38:43,R063,26.00,Business,1 year,1 year,60000,0,5,,UFTB
12/16/2025 16:38:43,R064,58.00,Business,25,Local,80000,0,4,,UFTB
12/17/2025 16:38:43,R065,30.00,Business,30,30,19k,0,3,,UFTB
12/18/2025 16:38:43,R066,20.00,Student,1 year,1 year,9000,0,5,,UFTB
11/21/2025 10:58:15,R067,64.00,Tea stall,10,10,150000,00,5,,JU
11/21/2025 10:58:38,R068,38.00,Stall ,20,20,32000,0,5,,JU
11/21/2025 10:58:45,R069,56.00,Food stall,22,22,15000,00,5,,JU
11/21/2025 11:00:01,R070,25.00,Hotel,12,12,50000,00,5,,JU
11/21/2025 11:03:26,R071,45.00,Grocery shop,20,20,50k,80k,5,,JU
11/21/2025 11:31:31,R072,37.00,Restaurant ,10,10,28000,0,5,,JU
11/21/2025 11:32:09,R073,59.00,Tea stall,48,48,15k,40k,5,,JU
11/21/2025 11:32:36,R074,55.00,Hotel,2.5 year,2.5 year,20000,00,5,,JU
11/21/2025 11:34:18,R075,40.00,Fruits stall,12,12,30000,30000,5,,JU
11/21/2025 11:34:53,R076,56.00,Stall ,27,27,18000,0,5,,JU
11/21/2025 11:36:24,R077,33.00,Clothing ,7,7,24000,0,5,,JU
11/21/2025 11:37:12,R078,45.00,Tea stall,10,10,30000,20000,4,,JU
11/21/2025 11:37:32,R079,48.00,Tea stall,30,30,35000,60k,4,,JU
11/21/2025 11:37:42,R080,44.00,Computer shop,12,12,34000,0,5,,JU
11/21/2025 11:38:59,R081,26.00,Hotel,8 year,8 year,50000,00,5,,JU
11/21/2025 11:39:36,R082,21.00,Restaurant ,4,4,20k,70k,4,,JU
11/21/2025 11:40:40,R083,8.00,Hotel,8 year,8 year,50000,00,4,,JU
11/21/2025 11:40:44,R084,56.00,Tea stall,30,30,20000,0,5,,JU
11/21/2025 11:41:26,R085,55.00,Tea stall,15,15,25000,70000,5,,JU
11/21/2025 11:41:40,R086,38.00,Rickshaw driver ,7,7,18k,24k,5,,JU
11/21/2025 11:42:16,R087,55.00,Tea stall,15,15,25000,70000,5,,JU
11/21/2025 11:49:32,R088,15.00,Restaurant ,4,4,10k,20k,3,,JU
11/21/2025 11:50:00,R089,30.00,Restaurant ,2,2,24000,0,5,,JU
11/21/2025 11:50:23,R090,45.00,Hotel,25,25,40000,17000,3,,JU
11/21/2025 11:52:22,R091,55.00,Restaurant ,30,30,12k,10k,4,,JU
11/21/2025 11:52:35,R092,48.00,Tea stall,25,25,20000,100000,2,,JU
11/21/2025 11:53:10,R093,46.00,Tea stall,22,22,6000,13000,5,,JU
11/21/2025 11:53:30,R094,45.00,Stationary ,30,30,60k,50k,5,,JU
11/21/2025 11:55:02,R095,37.00,Stationary ,8,8,12k,20k,4,,JU
11/21/2025 11:56:03,R096,50.00,Tea stall,4year,4year,20000,00,4,,JU
11/21/2025 11:56:07,R097,45.00,Fruit curt,26,26,25000,20000,4,,JU
11/21/2025 11:58:09,R098,52.00,Shop,12,12,5000,30000,2,,JU
11/21/2025 11:58:37,R099,20.00,Computer shop,3,3,12k,17k,3,,JU
11/21/2025 12:04:57,R100,51.00,Tea stall,23,23,20000,27000,5,,JU
11/21/2025 17:56:09,R101,38.00,Vasitable shop,22,22,22000,00,5,,JU
11/21/2025 17:56:46,R102,35.00,Grocery ,5,5,45000,210000,4,,JU
11/21/2025 17:57:18,R103,60.00,Grocer,13,13,20000,30000,4,,JU
11/21/2025 17:59:19,R104,38.00,Fruit stall,6year,6year,12000,0,5,,JU
11/21/2025 17:59:32,R105,32.00,Cloth shop,20,20,60000,85000,5,,JU
11/21/2025 18:02:12,R106,27.00,Grocer,5,5,12000,10000,4,,JU
11/21/2025 18:03:23,R107,27.00,Cloth shop,5,5,12000,15000,3,,JU
11/21/2025 18:06:49,R108,24.00,Grocer,2,2,20000,40000,4,,JU
11/21/2025 18:09:40,R109,48.00,Tea stall,27,27,7000,20000,3,,JU
11/21/2025 18:14:01,R110,31.00,Shop,6,6,28000,0,4,,JU
11/21/2025 18:14:44,R111,41.00,Grocery ,10,10,17000,35000,4,,JU
11/21/2025 18:14:49,R112,70.00,Shop,40,40,25000,0,4,,JU
11/21/2025 18:15:12,R113,35.00,Cosmetics shop,15yr,15yr,25000,00,5,,JU
11/21/2025 18:16:26,R114,37.00,Grocery ,17,17,40000,55000,5,,JU
11/21/2025 18:16:27,R115,24.00,Farmecy,21,21,600000,80000,3,,JU
11/21/2025 18:18:46,R116,35.00,Grocery Shop ,50,50,60000,80000,5,,JU
11/21/2025 18:22:00,R117,32.00,Tea stall,15,15,22000,50000,5,,JU
11/21/2025 18:24:39,R118,65.00,Business ,54,54,20000,35000,4,,JU
11/21/2025 18:26:57,R119,32.00,Coconut seller,9,9,12000,14000,5,,JU
11/21/2025 18:31:02,R120,38.00,Fruit seller,6,6,35000,50000,4,,JU
11/21/2025 18:36:52,R121,44.00,Business ,12,12,24000,32000,4,,JU
11/21/2025 18:37:36,R122,48.00,Grocery ,18,18,36000,45000,4,,JU
11/21/2025 18:38:29,R123,45.00,Stall,21,21,18000,30000,3,,JU
11/21/2025 18:50:07,R124,31.00,Food stall,27,27,100000,,5,,JU
11/21/2025 18:52:11,R125,33.00,Grocer,2 month ,2 month ,25000,00,4,,JU
11/21/2025 19:12:33,R126,27.00,Stationary ,3.5,3.5,3000,10000,2,,JU
11/21/2025 19:15:46,R127,40.00,Foods,4,4,25000,25000,4,,JU
11/21/2025 19:18:50,R128,25.00,Mobile shop,2,2,13000,25000,4,,JU
11/21/2025 19:22:55,R129,40.00,Hotel,12,12,30000,20000,4,,JU
11/21/2025 19:24:05,R130,45.00,Pharmacy ,8,8,30000,25000,4,,JU
11/21/2025 19:25:05,R131,55.00,Grocer,18,18,20000,35000,4,,JU
11/21/2025 19:26:06,R132,53.00,Grocery shop,5,5,7000,16000,4,,JU
11/21/2025 19:26:16,R133,40.00,Electric ,8,8,25000,18000,5,,JU
11/21/2025 19:27:18,R134,40.00,Furniture ,12,12,35000,20000,3,,JU
11/21/2025 19:28:17,R135,55.00,Electronic ,18,18,28000,17000,4,,JU
11/21/2025 19:28:21,R136,61.00,Tea stall,14,14,17000,25000,4,,JU
11/21/2025 19:29:21,R137,48.00,Shop,15,15,20000,24000,4,,JU
11/21/2025 19:29:38,R138,35.00,Cloths shop,5,5,35000,20000,5,,JU
11/21/2025 19:31:32,R139,55.00,jewellery ,22,22,60000,35000,4,,JU
11/21/2025 19:32:02,R140,50.00,Tea stall,28,28,18000,0,5,,JU
11/21/2025 19:32:39,R141,35.00,Cloths,8,8,20000,15000,3,,JU
11/21/2025 19:33:47,R142,31.00,Grocery ,12,12,40000,0,5,,JU
11/21/2025 19:33:57,R143,40.00,Float glass,8,8,30000,18000,2,,JU
11/21/2025 19:34:51,R144,30.00,Cloths,5,5,12000,20000,4,,JU
11/21/2025 19:35:23,R145,54.00,Grocery ,25,25,35009,0,5,,JU
11/21/2025 19:35:51,R146,35.00,Cloths,10,10,30000,40000,4,,JU
11/21/2025 19:36:11,R147,28.00,Printing ,4,4,31000,0,5,,JU
11/21/2025 19:36:56,R148,35.00,Grocer,10,10,10000,12000,3,,JU
11/21/2025 19:38:50,R149,40.00,Grocer,8,8,15000,20000,4,,JU
11/21/2025 19:40:55,R150,45.00,Grocer,15,15,25000,25000,4,,JU
11/21/2025 19:43:15,R151,"30,000.00",Saloon ,8,8,30000,40000,5,,JU
11/21/2025 19:44:05,R152,30.00,Saloon,5,5,25000,30000,4,,JU
11/21/2025 19:44:50,R153,35.00,Tea stall,10,10,25000,25000,3,,JU
11/21/2025 19:49:32,R154,23.00,Grocery ,1,1,30000,0,4,,JU
11/21/2025 19:50:24,R155,27.00,Businesses ,3,3,26000,0,5,,JU
11/21/2025 19:51:26,R156,34.00,Business ,7,7,19000,0,5,,JU
11/21/2025 19:55:49,R157,45.00,Grocery ,4,4,20000,0,5,,JU
11/21/2025 19:56:52,R158,45.00,Sweet shop,4,4,20000,0,4,,JU
11/21/2025 19:57:41,R159,28.00,Fruits,2,2,18000,0,4,,JU
11/21/2025 19:59:37,R160,45.00,Stationary ,5,5,20000,0,4,,JU
11/21/2025 20:00:58,R161,52.00,Food cart,2,2,20000,0,4,,JU
11/21/2025 20:01:10,R162,38.00,Metal,4,4,20000,00,3,,JU
11/21/2025 20:02:48,R163,27.00,Trailor,3,3,14000,00,4,,JU
11/21/2025 20:03:45,R164,45.00,Hotel,4,4,20000,00,4,,JU
11/21/2025 20:03:58,R165,47.00,Tea stall,5,5,15000,0,5,,JU
11/21/2025 20:04:30,R166,48.00,Cloth ,25,25,20000,30000,5,,JU
11/21/2025 20:04:36,R167,32.00,Shoes shop,2,2,18000,00,5,,JU
11/21/2025 20:04:55,R168,55.00,Grocery ,3,3,12000,0,4,,JU
11/21/2025 20:05:30,R169,35.00,Grocery ,1,1,14000,0,5,,JU
11/21/2025 20:05:33,R170,35.00,Super shop,1,1,25000,00,4,,JU
11/21/2025 20:06:23,R171,30.00,Grocery ,2,2,16000,0,4,,JU
11/21/2025 20:06:35,R172,35.00,Electric,6,6,22000,00,5,,JU
11/21/2025 20:07:09,R173,65.00,Concessionary ,5,5,30000,0,5,,JU
11/21/2025 20:07:28,R174,34.00,Shoes shop,1.5,1.5,12000,,5,,JU
11/21/2025 20:08:07,R175,Hotel ,27,3,3,30000,00,5,,JU
11/21/2025 20:09:14,R176,28.00,Grocery,5,5,14000,00,4,,JU
11/21/2025 20:10:03,R177,45.00,Grocer ,5,5,20000,00,5,,JU
11/21/2025 20:10:28,R178,42.00,Grocery,14,14,15000,40000,5,,JU
11/21/2025 20:11:47,R179,43.00,Grocery Shop,8,8,13000,25000,5,,JU
11/21/2025 20:13:51,R180,65.00,Grocery,3,3,22000,34000,5,,JU
11/21/2025 20:14:51,R181,37.00,Grocery,4,4,14000,8000,5,,JU
11/21/2025 20:16:29,R182,52.00,Cloth,4,4,17000,13000,4,,JU
11/21/2025 20:18:53,R183,43.00,Medicine Shop,16,16,17000,33000,5,,JU
11/21/2025 20:20:19,R184,24.00,Cloth Shop,3,3,12000,18000,5,,JU
11/21/2025 20:22:20,R185,22.00,Computer SHop ,5,5,45000,36000,5,,JU
11/21/2025 20:23:57,R186,37.00,Barber Shop,7,7,19000,27000,5,,JU
11/21/2025 20:25:53,R187,53.00,Tea Store,3,3,16000,13000,4,,JU
11/21/2025 20:27:30,R188,24.00,Food Cart,2 month,2 month,32000,26000,3,,JU
11/21/2025 20:29:32,R189,34.00,Medicine,3,3,26000,23000,4,,JU
11/21/2025 20:31:18,R190,27.00,Medicine Shop,11,11,37000,28000,3,,JU
11/21/2025 20:32:44,R191,32.00,Fish seller,1.5,1.5,28000,33000,5,,JU
11/21/2025 20:34:36,R192,Flower Shop,1,5,5,13000,19000,5,,JU
12/4/2025 11:37:43,R193,40.00, Tea Stall,15 y,15 y,17k,5k,5,,JKKNIU
12/4/2025 11:37:50,R194,41.00,,,,,,,,JKKNIU
12/4/2025 11:39:06,R195,16.00,Tea stall,2yr,2yr,30k,00,5,,JKKNIU
12/4/2025 11:39:19,R196,30.00, Hotel,1,1,,,3,,JKKNIU
12/4/2025 11:39:49,R197,60.00,Fruit shop,13,13,12000,24000,5,,JKKNIU
12/4/2025 11:41:16,R198,18.00,Fucchka,5 y,5 y,25k,3.5k,5,,JKKNIU
12/4/2025 11:43:39,R199,28 year,Tea stall,4 year,4 year,25 k,5k,5,,JKKNIU
12/4/2025 11:44:34,R200,33.00,Grocery ,1,1,34000,00,5,,JKKNIU
12/4/2025 11:45:58,R201,40.00,Tea Stall,1 year,1 year,21k,15k,5,,JKKNIU
12/4/2025 11:49:12,R202,51.00,Fuchka Stall,7 y,7 y,30 k,12 k,5,,JKKNIU
12/4/2025 11:52:36,R203,22.00,Barber shop,5,5,13000,10000,5,,JKKNIU
12/4/2025 11:54:02,R204,35.00,Stationary Store,10 y,10 y,15k,25k,5,,JKKNIU
12/4/2025 11:55:12,R205,37.00,Tea shop,10,10,25000,10000,5,,JKKNIU
12/4/2025 11:55:30,R206,23.00,Grocer,9 yr,9 yr,10 k,15k,5,,JKKNIU
12/4/2025 11:57:42,R207,37.00,Hotel,9yr,9yr,30k,15 k,5,,JKKNIU
12/4/2025 11:58:12,R208,55.00,Grocer,1,1,30000,35000,4,,JKKNIU
12/4/2025 11:59:06,R209,32.00,Fruit jouse,2yr,2yr,18k,12k,5,,JKKNIU
12/4/2025 11:59:20,R210,32.00,Grocery shop ,2,2,25000,17000,5,,JKKNIU
12/4/2025 11:59:47,R211,17.00,Convenience Store,10 y,10 y,20k,8k,5,,JKKNIU
12/4/2025 12:01:21,R212,32.00,Cafe,2yr,2yr,30k,15k,5,,JKKNIU
12/4/2025 12:01:58,R213,43.00,Shop,7,7,28000,21000,4,,JKKNIU
12/4/2025 12:04:15,R214,44.00,Medicine shop,2006,2006,24000,14000,5,,JKKNIU
12/4/2025 12:04:18,R215,50.00,Convenience Store,15 y,15 y,36k,20k,5,,JKKNIU
12/4/2025 12:04:27,R216,40.00,Stationay,13,13,25000,15000,4,,JKKNIU
12/4/2025 12:04:30,R217,28.00,Grocer,5 yr,5 yr,30k,22k,5,,JKKNIU
12/4/2025 12:06:15,R218,26.00,Fruat stor,1.5 yr,1.5 yr,25k,12k,4,,JKKNIU
12/4/2025 12:08:35,R219,30.00,Restaurant,2 y,2 y,25k,25k,5,,JKKNIU
12/4/2025 12:10:00,R220,42.00,Resturent ,1.5 yr,1.5 yr,45k,30k,5,,JKKNIU
12/4/2025 12:11:35,R221,34.00,Grocery Store,1 y,1 y,12k,6k,5,,JKKNIU
12/4/2025 12:26:16,R222,61.00,Tea stall,8,8,27000,18000,5,,JKKNIU
12/4/2025 12:29:52,R223,39.00,Grocery ,2,2,32000,17000,5,,JKKNIU
12/4/2025 13:39:57,R224,34.00,Medicine,4,4,21000,16000,5,,JKKNIU
12/4/2025 13:45:55,R225,41.00,Shop,6,6,26000,18000,4,,JKKNIU
12/4/2025 13:46:55,R226,44.00,Business ,16,16,30000,24000,3,,JKKNIU
12/4/2025 13:48:22,R227,40.00,Shop,13,13,24000,20000,4,,JKKNIU
12/4/2025 14:11:02,R228,40.00,Rickshaw puller,40,40,28000,13000,5,,JKKNIU
12/4/2025 14:15:29,R229,28.00,Tea Stall,3 y,3 y,15 k,7 k,3,,JKKNIU
12/4/2025 14:16:30,R230,48.00,Stationary,30,30,15k,10k,3,,JKKNIU
12/4/2025 14:17:21,R231,32.00,Electric Shop ,7,7,34000,23000,4,,JKKNIU
12/4/2025 14:18:19,R232,27.00,Hotel,1,1,50000,40000,5,,JKKNIU
12/4/2025 14:18:45,R233,33.00,Grocery Shop,6,6,29000,20000,5,,JKKNIU
12/4/2025 14:19:17,R234,44.00,Car rental,15,15,40000,25000,3,,JKKNIU
12/4/2025 14:19:21,R235,55.00,Electronic ,10,10,25000,35000,4,,JKKNIU
12/4/2025 14:19:29,R236,36.00,Cloth store and Tailor’s ,2 y,2 y,180k,120k,4,,JKKNIU
12/4/2025 14:20:05,R237,46.00,Fruit shop ,11,11,27000,19000,4,,JKKNIU
12/4/2025 14:20:12,R238,,42,20,20,30000,40000,3,,JKKNIU
12/4/2025 14:20:24,R239,35.00,Electric ,5,5,22000,25000,4,,JKKNIU
12/4/2025 14:20:26,R240,31.00,Mobile shop ,20,20,26000,20000,4,,JKKNIU
12/4/2025 14:20:48,R241,46.00,Fruit shop ,11,11,28000,19000,4,,JKKNIU
12/4/2025 14:21:21,R242,40.00,Hotel,12,12,25000,28000,3,,JKKNIU
12/4/2025 14:21:34,R243,43.00,Tailor,13,13,30000,24000,4,,JKKNIU
12/4/2025 14:21:51,R244,27.00,Cosmetics,7,7,3l45k,40k,3,,JKKNIU
12/4/2025 14:21:55,R245,52.00,Grocery,20,20,40000,40000,1,,JKKNIU
12/4/2025 14:22:09,R246,32.00,Cloth Store,6 months,6 months,7k,60k,5,,JKKNIU
12/4/2025 14:22:12,R247,27.00,Food Curt,2,2,35000,24000,5,,JKKNIU
12/4/2025 14:22:30,R248,35.00,Medical ,08,08,35000,40000,4,,JKKNIU
12/4/2025 14:22:41,R249,37.00,Mobile servicing shop,11,11,35000,20000,3,,JKKNIU
12/4/2025 14:23:27,R250,37.00,Clouth Store ,5 yr,5 yr,45k,35k,4,,JKKNIU
12/4/2025 14:23:29,R251,30.00,Election ,05,05,25000,20000,3,,JKKNIU
12/4/2025 14:23:46,R252,27.00,Grocery ,4,4,18000,0,4,,JKKNIU
12/4/2025 14:23:50,R253,34.00,Grocery shop ,7,7,34000,30000,4,,JKKNIU
12/4/2025 14:24:18,R254,45.00,Grocer,15,15,35000,30000,4,,JKKNIU
12/4/2025 14:24:49,R255,37.00,Mobile,4,4,30000,22000,3,,JKKNIU
12/4/2025 14:25:03,R256,34.00,Shoe shop,10,10,34000,22000,4,,JKKNIU
12/4/2025 14:25:30,R257,42.00,Grocery,20,20,38000,25000,5,,JKKNIU
12/4/2025 14:25:40,R258,35.00,Grocer,10,10,25000,22000,2,,JKKNIU
12/4/2025 14:26:05,R259,42.00,Medicine ,3,3,25000,33000,3,,JKKNIU
12/4/2025 14:26:18,R260,36.00,Clothing shop ,12,12,50000,30000,4,,JKKNIU
12/4/2025 14:26:24,R261,46.00,Cloth Store,9 y,9 y,40k,80k,3,,JKKNIU
12/4/2025 14:26:51,R262,25.00,Mobile shop,2,2,20000,25000,2,,JKKNIU
12/4/2025 14:27:10,R263,48.00,Grocery shop ,6,6,20000,16000,4,,JKKNIU
12/4/2025 14:27:13,R264,34.00,Clothing shop ,7,7,25000,14000,4,,JKKNIU
12/4/2025 14:27:44,R265,40.00,Jewellery ,7,7,40000,50000,2,,JKKNIU
12/4/2025 14:27:52,R266,54.00,Tea seller,35,35,24000,15000,3,,JKKNIU
12/4/2025 14:27:58,R267,40.00,Electric shop,12,12,45000,32000,4,,JKKNIU
12/4/2025 14:28:09,R268,52.00,Electric ,14,14,40000,22000,5,,JKKNIU
12/4/2025 14:28:36,R269,35.00,Electronic ,12,12,30000,24000,3,,JKKNIU
12/4/2025 14:29:22,R270,35.00,Cloth,2,2,,,,,JKKNIU
12/4/2025 14:29:58,R271,42.00,Grocer,17,17,40000,30000,5,,JKKNIU
12/4/2025 14:29:58,R272,35.00,Tea stall,10,10,35k,20k,3,,JKKNIU
12/4/2025 14:31:07,R273,45.00,Electric ,15,15,30000,36000,4,,JKKNIU
12/4/2025 14:31:12,R274,38.00,Mobile shop,5,5,28000,35000,3,,JKKNIU
12/4/2025 14:31:23,R275,50.00,Clothing shop ,30,30,60000,20000,4,,JKKNIU
12/4/2025 14:32:01,R276,55.00,Grocery Store,6 y,6 y,14k,8k,4,,JKKNIU
12/4/2025 14:32:16,R277,40.00,Grocer,7,7,30000,35000,4,,JKKNIU
12/4/2025 14:32:18,R278,30.00,Stationary ,5,5,25000,12000,4,,JKKNIU
12/4/2025 14:32:31,R279,32.00,Medicine ,5,5,17000,14000,4,,JKKNIU
12/4/2025 14:32:35,R280,28.00,Mobile seller,18,18,28000,24000,3,,JKKNIU
12/4/2025 14:32:37,R281,60.00,Cloth stor,45,45,45k,35k,4,,JKKNIU
12/4/2025 14:33:17,R282,45.00,Grocer,14,14,30000,40000,4,,JKKNIU
12/4/2025 14:33:23,R283,41.00,Barber Shop,11,11,40000,34000,4,,JKKNIU
12/4/2025 14:33:43,R284,47.00,Clothing shop ,20,20,28000,20000,4,,JKKNIU
12/4/2025 14:34:22,R285,30.00,Medicine ,6,6,40000,30000,4,,JKKNIU
12/4/2025 14:34:45,R286,38.00,Grocer,7 yr,7 yr,20k,15k,3,,JKKNIU
12/4/2025 14:35:04,R287,42.00,Cloth Store,22 y,22 y,15k,15k,3,,JKKNIU
12/4/2025 14:35:13,R288,28.00,Mobile seller and Servicing,10,10,50000,27000,5,,JKKNIU
12/4/2025 14:35:52,R289,32.00,Electric shop ,6,6,35000,20000,3,,JKKNIU
12/4/2025 14:36:51,R290,44.00,Stationary shop ,23,23,18000,18000,4,,JKKNIU
12/4/2025 14:38:16,R291,52.00,Mobile seller and Servicing ,12,12,40000,,4,,JKKNIU
12/4/2025 14:38:47,R292,40.00,Tailor,30 y,30 y,25k,15k,3,,JKKNIU
12/4/2025 14:38:48,R293,43.00,Cosmetics ,12,12,36k,25k,4,,JKKNIU
12/4/2025 14:41:54,R294,40.00,Clouth store,9y,9y,45k,20k,3,,JKKNIU
12/4/2025 14:42:08,R295,43.00,Grocery,6 y,6 y,16k,11k,3,,JKKNIU
12/4/2025 14:42:12,R296,54.00,Cosmetics and Colths,14,14,50000,,5,,JKKNIU
12/4/2025 14:43:39,R297,50.00,Farmacist,13,13,30000,,4,,JKKNIU
12/4/2025 14:46:08,R298,36.00,Clouth store,6y,6y,50k,45,4,,JKKNIU
12/4/2025 14:47:06,R299,45.00,Cloth seller,14,14,43000,,4,,JKKNIU
12/4/2025 14:48:08,R300,37.00,Clouth store,23,23,60k,45k,4,,JKKNIU
12/4/2025 14:48:55,R301,28.00,Computer Shop,27,27,33000,28000,5,,JKKNIU
12/4/2025 14:49:58,R302,47.00,Space Blander,26,26,46k,35k,3,,JKKNIU
12/4/2025 14:51:09,R303,32.00,Tea Stall,6 month,6 month,10k,15k,2,,JKKNIU
12/4/2025 14:51:41,R304,62.00,Space blending store,27,27,60k,40k,3,,JKKNIU
12/4/2025 14:53:32,R305,35.00,Spice Business,10 y,10 y,15k,20k,3,,JKKNIU
12/4/2025 14:53:51,R306,42.00,Jualary,20y,20y,80k,70k,2,,JKKNIU
12/4/2025 14:56:57,R307,14.00,Spice Business ,20 y,20 y,18k,15k,3,,JKKNIU
12/30/2025 16:23:30,R308,39.00,Tea Stall,8 years,8 years,25000,15000,4,,MBSTU
12/30/2025 16:24:58,R309,46.00,Grocery,12 years,12 years,36000,22000,4,,MBSTU
12/30/2025 16:26:41,R310,37.00,Tea Seller,7 years,7 years,27000,18000,3,,MBSTU
12/30/2025 16:27:45,R311,46.00,Grocer,14,14,38000,18000,5,,MBSTU
12/30/2025 16:29:05,R312,45.00,Grocer,17,17,30000,19000,5,,MBSTU
12/30/2025 16:31:57,R313,36.00,Cloth Seller,8,8,31000,27000,3,,MBSTU
12/30/2025 16:39:42,R314,45.00,Grocer,7,7,30000,21000,3,,MBSTU
12/30/2025 16:40:38,R315,8.00,Tea Seller,9,9,28000,15000,5,,MBSTU
12/30/2025 16:42:55,R316,48.00,Fruits seller,9,9,29000,16000,4,,MBSTU
12/30/2025 16:43:46,R317,43.00,Tea seller,9,9,34000,19000,5,,MBSTU
12/30/2025 16:45:02,R318,37.00,Grocer,8,8,32000,21000,3,,MBSTU
12/30/2025 16:46:28,R319,50.00,Dentist,13,13,40000,34000,2,,MBSTU
12/30/2025 16:47:21,R320,35.00,Mobile Servicing,9,9,37000,24000,4,,MBSTU
12/30/2025 16:48:28,R321,47.00,Fruit Seller,13,13,32000,23000,4,,MBSTU
12/30/2025 16:49:31,R322,46.00,Hotel Owner,16,16,45000,27000,5,,MBSTU
12/30/2025 16:51:17,R323,35.00,Grocer,7,7,29000,13000,4,,MBSTU
12/30/2025 16:53:21,R324,46.00,Barber,8,8,29000,15000,3,,MBSTU
12/30/2025 16:58:35,R325,50.00,Sweet Shop Owner,20,20,45000,32000,2,,MBSTU
12/30/2025 17:00:19,R326,36.00,Felxiload Shop Owner,20,20,28000,17000,3,,MBSTU
12/30/2025 17:02:33,R327,38.00,Barber,30,30,28000,19000,3,,MBSTU
12/30/2025 17:07:23,R328,,Fast Food  seller,7,7,34000,,5,,MBSTU
12/30/2025 17:10:24,R329,22.00,Tea Seller,1,1,10000,,5,,MBSTU
12/30/2025 17:16:26,R330,37.00,Flexiload Shop,9,9,28000,15000,5,,MBSTU
12/30/2025 17:18:03,R331,35.00,fast food seller,10,10,30000,18000,5,,MBSTU
12/30/2025 17:19:45,R332,43.00,tea seller,12,12,28000,15000,5,,MBSTU
12/30/2025 17:21:22,R333,38.00,tea seller,9,9,29000,18000,4,,MBSTU
12/30/2025 17:23:21,R334,45.00,food court,4,4,48000,,3,,MBSTU
12/30/2025 17:25:23,R335,28.00,fast food seller,2,2,26000,,4,,MBSTU
12/30/2025 17:28:09,R336,40.00,grocery,8,8,27000,15000,2,,MBSTU
12/30/2025 17:29:53,R337,40.00,tea seller,7,7,29000,18000,4,,MBSTU
12/30/2025 17:33:30,R338,38.00,fast food seller,9,9,29000,18000,4,,MBSTU
1/17/2026 10:39:42,R339,62.00,Tea stall,11,11,18000,14000,5,,NSTU
1/17/2026 10:42:30,R340,72.00,Fruits vendor,30,30,35000,25000,5,,NSTU
1/17/2026 10:43:45,R341,38.00,Street pitha seller,6,6,10000,8000,4,,NSTU
1/17/2026 10:46:15,R342,44.00,Plant nursery,8,8,25000,18000,5,,NSTU
1/17/2026 10:48:13,R343,53.00,Restaurant ,11,11,32000,50000,3,,NSTU
1/17/2026 10:50:00,R344,47.00,Street Food,5,5,35000,30000,5,,NSTU
1/17/2026 10:51:32,R345,51.00,Fish Seller ,15,15,22000,30000,2,,NSTU
1/17/2026 10:54:21,R346,28.00,Juice Seller,2,2,17000,30000,5,,NSTU
1/17/2026 10:55:35,R347,28.00,Fruit Seller,9,9,30000,45000,3,,NSTU
1/17/2026 10:56:51,R348,58.00,Chicken seller,8,8,35000,20000,5,,NSTU
1/17/2026 10:58:01,R349,64.00,Tea Stall,25,25,13000,22000,4,,NSTU
1/17/2026 10:59:57,R350,19.00,Tea Stall ,8 month,8 month,10000,11000,4,,NSTU
1/17/2026 11:13:31,R351,54.00,Grocery shop ,13,13,25000,30000,4,,NSTU
1/17/2026 11:14:32,R352,33.00,Medicine shop ,4,4,20000,18000,4,,NSTU
1/17/2026 11:16:31,R353,63.00,Plant Nursery ,25,25,23000,20000,4,,NSTU
1/17/2026 11:17:16,R354,59.00,Grocery ,8,8,26000,35000,3,,NSTU
1/17/2026 11:18:27,R355,34.00,Electric Shop ,7,7,25000,20000,4,,NSTU
1/17/2026 11:20:15,R356,36.00,Wifi distributor ,3,3,42000,30000,4,,NSTU
1/17/2026 11:21:17,R357,66.00,Electric Shop ,15,15,50000,35000,4,,NSTU
1/17/2026 11:22:26,R358,56.00,Vegetable seller ,8,8,25000,23000,3,,NSTU
1/17/2026 11:24:42,R359,43.00,Vegetable Seller ,6,6,20000,17000,4,,NSTU
1/17/2026 11:25:47,R360,51.00,Coconut Shop,3,3,30000,24000,5,,NSTU
1/17/2026 12:54:25,R361,35.00,Hotel,12,12,25000,14000,4,,CoU
1/17/2026 12:55:30,R362,57.00,Grocer,15,15,28000,17000,4,,CoU
1/17/2026 12:56:26,R363,40.00,Hotel,26,26,32000,20000,5,,CoU
1/17/2026 12:57:41,R364,30.00,Fast food seller,3 yr,3 yr,25000,10000,5,,CoU
1/17/2026 12:58:52,R365,36.00,confectionery ,8 yr,8 yr,24000,18000,5,,CoU
1/17/2026 13:04:04,R366,62.00,Genaral store,25,25,28000,20000,4,,CoU
1/17/2026 13:05:23,R367,43.00,Bedding Store ,15,15,20000,12000,5,,CoU
1/17/2026 13:06:49,R368,32.00,varieties Store,7yr,7yr,23000,8000,4,,CoU
1/17/2026 13:09:06,R369,29.00,Paper store,11yr,11yr,18000,12000,5,,CoU
1/17/2026 13:10:56,R370,42.00,Sound service,5,5,25000,15000,5,,CoU
1/17/2026 13:11:50,R371,36.00,electrician ,12,12,25000,10000,4,,CoU
1/17/2026 13:13:09,R372,28.00,Stationary,15,15,25000,20000,5,,CoU
1/17/2026 13:14:24,R373,37.00,Grocer,12,12,18000,12000,5,,CoU
1/17/2026 13:15:26,R374,39.00,Genaral store,15yr,15yr,30000,20000,4,,CoU
1/17/2026 13:16:32,R375,43.00,varieties store,15,15,32000,20000,5,,CoU
1/17/2026 13:18:22,R376,28.00,Sports shop,12,12,24000,13000,5,,CoU
1/17/2026 14:38:41,R377,34.00,Sports shop,14,14,32000,20000,5,,CoU
1/17/2026 14:39:37,R378,47.00,Hostel Manager ,12,12,25000,10000,5,,CoU
1/17/2026 14:40:36,R379,42.00,Hostel Maneger,12,12,25000,15000,5,,CoU
1/17/2026 14:41:30,R380,45.00,Hostel maneger,12,12,23000,15000,5,,CoU
1/17/2026 14:43:32,R381,34.00,varieties store,8 year,8 year,22000,16000,4,,CoU
1/17/2026 14:44:40,R382,28.00,tailors ,10 yr,10 yr,28000,20000,5,,CoU
1/17/2026 14:45:43,R383,56.00,varieties store,11,11,23000,16000,4,,CoU
1/17/2026 14:47:14,R384,34.00,Sound service,9,9,26000,20000,3,,CoU
1/17/2026 15:11:01,R385,52.00,Livestock Farm Owner,25 yrs,25 yrs,"85,000 BDT","15,000 BDT",5,,BAU
1/17/2026 15:13:07,R386,44.00,Senior Lab Asst.,18 yrs,18 yrs,"45,000 bdt","12,000 bdt",5,,BAU
1/17/2026 15:39:31,R387,42.00,Doctor,8,8,30000,15000,4,,CoU
1/17/2026 15:40:36,R388,45.00,Grocer,13,13,23000,16000,4,,CoU
1/17/2026 15:41:42,R389,36.00,Grocer,12,12,18000,12000,4,,CoU
1/17/2026 15:43:35,R390,52.00,House owner,25,Lokal,35000,20000,5,,CoU
1/17/2026 15:44:41,R391,38.00,Workshop,15,15,26000,18000,3,,CoU
1/17/2026 15:45:40,R392,29.00,Stationary store,12,12,18000,12000,5,,BAU
1/17/2026 15:47:35,R393,48.00,Private Vet Consultant,12 yrs,12 yrs,"120,000 BDT","35,000 BDT",5,,BAU
1/17/2026 19:37:08,R394,39.00,Seed Dealer,10 yrs,10 yrs,"65,000 bdt","20,000 bdt",4,,BAU
1/17/2026 19:38:21,R395,50.00,High School teacher,30 yrs,30 yrs,"45,000 bdt","12,000 bdt",5,,BAU
1/17/2026 19:39:19,R396,60.00,Retired BAU Staff,35 yrs,35 yrs,"40,000 bdt","5,000 bdt",5,,BAU
1/17/2026 19:52:13,R397,34.00,Agro-tech Startup,6 yrs,6 yrs,"95,000 bdt","25,000 bdt",5,,BAU
1/17/2026 19:53:34,R398,29.00,Bank Officer,4 yrs,4 yrs,"50,000 bdt","10,000 bdt",4,,BAU
1/17/2026 19:54:48,R399,41.00,Fertilizer Wholesaler,15 years,15 years,"75,000 bdt","18,000 bdt",4,,BAU
1/17/2026 19:55:52,R400,55.00,Govt. Extension Officer,22 yrs,22 yrs,"68,000 bdt","22,000 bdt",5,,BAU
1/17/2026 19:57:12,R401,32.00,Mess/Student Housing,10 yrs,10 yrs,"55,000 bdt","12,000 bdt",5,,BAU
1/17/2026 19:58:19,R402,45.00,Stationary Shop,14 yrs,14 yrs,"40,000 bdt","10,000 bdt",5,,BAU
1/17/2026 19:59:35,R403,38.00,Cataring service,8 yrs,8 yrs,"25,000 bdt","7,000 bdt",5,,BAU
1/17/2026 20:00:52,R404,28.00,Ride Sharing Driver,5 yrs,5 yrs,"30,000 bdt","12,000 bdt",4,,BAU
1/17/2026 20:01:51,R405,47.00,Tailoring Shop Owner,20 yrs,20 yrs,"28,000 bdt","6,000 bdt",4,,BAU
1/17/2026 20:03:06,R406,50.00,Restaurant Manager,18 yrs,18 yrs,"45,000 bdt","15,000 bdt",5,,BAU
1/17/2026 20:04:10,R407,42.00,Poultry Farmer,12 yrs,12 yrs,"38,000 bdt","9,000 bdt",5,,BAU
1/17/2026 20:05:06,R408,36.00,IT/Computer Sevice,7 yrs,7 yrs,"50,000 bdt","18,000 bdt",4,,BAU
1/17/2026 20:06:24,R409,58.00,Small Grocery,24 yrs,24 yrs,"32,000 bdt","4,000 bdt",5,,BAU
1/17/2026 20:07:53,R410,43.00,Auto-Rickshaw Driver,15 yrs,15 yrs,"22,000 bdt","8,000 bdt",4,,BAU
1/18/2026 18:10:05,R411,35.00,grocery,5,5,35000,20000,5,,BAU
1/18/2026 18:17:38,R412,28.00,grocery,5,5,32000,18000,5,,BAU
1/18/2026 18:20:20,R413,42.00,electronics,7,7,37000,28000,4,,BAU
1/18/2026 18:22:01,R414,47.00,metal,20,20,25000,30000,3,,BAU
1/18/2026 18:23:38,R415,37.00,hardware,33,33,32000,28000,2,,BAU
1/18/2026 18:25:24,R416,38.00,pharmacy,4,4,37000,20000,5,,BAU
1/18/2026 18:26:26,R417,36.00,Trailers,6,6,14000,25000,4,,BAU
1/18/2026 18:28:49,R418,32.00,grocery,3,3,23000,19000,4,,BAU
1/18/2026 18:29:53,R419,28.00,parliar,3,3,25000,15000,4,,BAU
1/18/2026 18:30:46,R420,38.00,electrics,7,7,28000,22000,3,,BAU
1/18/2026 18:32:12,R421,54.00,workshop,15,15,35000,22000,1,,BAU
1/18/2026 21:30:00,R422,33.00,Tea stall,2,2,15000,21000,3,,BAU
1/18/2026 21:31:05,R423,38.00,Tea stall,7,7,25000,15000,3,,BAU
1/18/2026 21:32:04,R424,34.00,Grocery,7,7,28000,16000,4,,BAU
1/18/2026 21:32:59,R425,44.00,Grocery,12,12,27000,15000,4,,BAU
1/18/2026 21:34:05,R426,28.00,Electronic ,2,2,22000,14000,3,,BAU
1/18/2026 21:35:31,R427,34.00,tea stall,5,5,30000,18000,4,,BAU
1/18/2026 21:36:49,R428,23.00,Grocery ,1,1,24000,20000,3,,BAU
1/18/2026 23:17:50,R429,54.00,Business,15,15,33000,25000,4,tarifulislamtarif961@gmail.com,CU
1/18/2026 23:18:41,R430,33.00,driver,18,18,20000,10000,4,tarifulislamtarif961@gmail.com,CU
1/18/2026 23:19:25,R431,22.00,business,4,4,18000,0,5,tarifulislamtarif961@gmail.com,CU
1/18/2026 23:20:39,R432,32.00,business,10,10,30000,20000,5,tarifulislamtarif961@gmail.com,CU
1/18/2026 23:22:44,R433,24.00,driving,2,2,15000,0,4,tarifulislamtarif961@gmail.com,CU
1/19/2026 1:19:26,Md. Yousuf ,43.00,Grocery,7,7,29000,23000,3,2masudhasan2003@gmail.com,
1/19/2026 1:24:03,Md. Yousuf,43.00,Grocery ,8,8,29000,23000,3,2masudhasan2003@gmail.com,
1/18/2026 23:23:58,R434,42.00,Grocery Shop,12,12,28000,18000,4,,CU
1/18/2026 23:25:11,R435,35.00,Tea Stall,7,7,22000,12000,5,,CU
1/18/2026 23:26:37,R436,50.00,Electronic Shop,20,20,45000,25000,4,,CU
1/18/2026 23:27:54,R437,28.00,Mobile Servicing,4,4,30000,15000,5,,CU
1/18/2026 23:29:08,R438,60.00,Fruit Seller,25,Local,26000,14000,4,,CU
1/18/2026 23:30:26,R439,33.00,Cloth Shop,6,6,32000,18000,5,,CU
1/18/2026 23:31:49,R440,45.00,Restaurant Owner,15,15,55000,20000,5,,CU
1/18/2026 23:33:02,R441,38.00,Barber Shop,10,10,24000,13000,4,,CU
1/18/2026 23:34:21,R442,52.00,Grocery,18,18,28000,16000,4,,CU
1/18/2026 23:35:45,R443,29.00,Stationary Shop,5,5,21000,12000,5,,CU
1/18/2026 23:37:06,R444,41.00,Tea Stall,12,12,27000,15000,5,,CU
1/18/2026 23:38:32,R445,36.00,Electric Shop,8,8,35000,20000,4,,CU
1/18/2026 23:39:58,R446,55.00,Hardware Shop,22,22,48000,25000,4,,CU
1/18/2026 23:41:19,R447,24.00,Fast Food Seller,2,2,26000,10000,5,,CU
1/18/2026 23:42:44,R448,47.00,Fruit Shop,14,14,29000,17000,4,,CU
1/18/2026 23:44:03,R449,34.00,Grocery Store,7,7,31000,18000,5,,CU
1/18/2026 23:45:27,R450,62.00,Vegetable Seller,30,Local,24000,12000,4,,CU
1/18/2026 23:46:51,R451,39.00,Mobile Shop,9,9,33000,19000,5,,CU
1/18/2026 23:48:16,R452,45.00,Tailor,16,16,28000,14000,4,,CU
1/18/2026 23:49:40,R453,31.00,Cosmetics Shop,6,6,25000,13000,5,,CU
1/18/2026 23:51:05,R454,58.00,Tea Stall,20,20,23000,15000,5,,CU
1/18/2026 23:52:33,R455,27.00,Fish Seller,3,3,22000,11000,4,,CU
1/18/2026 23:54:01,R456,43.00,Pharmacy,12,12,40000,22000,5,,CU
1/18/2026 23:55:29,R457,35.00,Shoe Shop,8,8,27000,15000,4,,CU
1/18/2026 23:56:58,R458,49.00,Grocery,17,17,30000,18000,4,,CU
1/18/2026 23:58:26,R459,22.00,Juice Seller,2,2,18000,8000,5,,CU
1/19/2026 0:00:02,R460,56.00,Furniture Shop,25,25,52000,30000,4,,CU
1/19/2026 0:01:35,R461,40.00,Printing Shop,10,10,35000,20000,5,,CU
1/19/2026 0:03:08,R462,33.00,Cafe Owner,5,5,42000,18000,5,,CU
1/19/2026 0:04:42,R463,46.00,Electrical Repair,14,14,32000,17000,4,,CU
1/19/2026 0:06:19,R464,60.00,General Store,28,Local,26000,14000,5,,CU
1/19/2026 0:07:51,R465,29.00,Ride Sharing Driver,4,4,30000,12000,4,,CU
1/19/2026 0:09:28,R466,52.00,Fertilizer Dealer,18,18,65000,25000,5,,CU
1/19/2026 0:11:04,R467,37.00,Cloth Seller,9,9,29000,16000,4,,CU
1/19/2026 0:12:39,R468,48.00,Chicken Seller,15,15,34000,19000,5,,CU
1/19/2026 0:14:15,R469,26.00,Computer Shop,3,3,28000,12000,5,,CU
1/19/2026 0:15:47,R470,55.00,Jewellery Shop,20,20,75000,30000,4,,CU
1/19/2026 0:17:21,R471,34.00,Book Shop,6,6,24000,14000,5,,CU
1/19/2026 0:18:58,R472,41.00,Grocery,11,11,28000,16000,4,,CU
1/19/2026 0:20:32,R473,63.00,Tea Stall,30,Local,20000,10000,5,,CU
1/19/2026 0:22:09,R474,28.00,Food Cart,2,2,26000,9000,5,,CU
1/19/2026 0:23:44,R475,50.00,Medical Store,18,18,38000,22000,4,,CU
1/19/2026 0:25:18,R476,36.00,Workshop,10,10,30000,17000,3,,CU
1/19/2026 0:26:52,R477,45.00,Hardware Store,15,15,42000,24000,4,,CU
1/19/2026 0:28:26,R478,32.00,Sports Shop,5,5,25000,14000,5,,CU
1/20/2026 0:29:26,R479,57.00,Grocery Shop,22,22,29000,17000,4,,CU
1/21/2026 0:31:26,R480,39.00,Electronics,9,9,36000,20000,4,,CU
1/22/2026 0:33:26,R481,24.00,Flower Shop,1,1,20000,8000,5,,CU